iter,ep_rew,ep_len,success,collisions,pi_loss,v_loss,entropy,approx_kl,clip_frac,sec
1,-560.01,600.0,0.00,0.0,-0.0018,134.9688,-0.1545,0.0046,0.011,14
2,-513.38,600.0,0.00,0.2,-0.0020,92.6299,-0.1578,0.0031,0.012,26
3,-447.32,600.0,0.00,10.0,-0.0016,129.7018,-0.1605,0.0048,0.022,47
4,-423.21,600.0,0.00,7.7,-0.0035,40.4784,-0.1669,0.0055,0.024,79
5,-382.49,600.0,0.00,5.9,-0.0026,19.2443,-0.1775,0.0040,0.016,109
6,-353.76,600.0,0.00,5.0,-0.0045,14.5800,-0.1871,0.0069,0.030,142
7,-327.53,600.0,0.00,4.3,-0.0035,30.9180,-0.2044,0.0059,0.024,172
8,-304.05,600.0,0.00,5.2,-0.0049,4.5990,-0.2173,0.0074,0.034,203
9,-316.88,600.0,0.00,12.7,-0.0022,241.9581,-0.2252,0.0053,0.022,233
10,-297.71,600.0,0.00,12.6,-0.0023,25.7802,-0.2338,0.0038,0.011,263
11,-274.90,586.3,0.00,13.9,-0.0043,2.2073,-0.2433,0.0076,0.040,321
12,-277.32,587.3,0.00,17.1,-0.0022,96.6133,-0.2568,0.0038,0.019,351
13,-266.11,588.5,0.00,17.0,-0.0024,19.7961,-0.2451,0.0059,0.028,379
14,-255.53,589.2,0.00,16.0,-0.0045,1.2537,-0.2520,0.0078,0.036,391
15,-243.42,590.0,0.00,15.0,-0.0031,5.0889,-0.2747,0.0093,0.040,403
16,-236.56,590.6,0.00,14.7,-0.0032,14.8501,-0.2863,0.0071,0.038,415
17,-228.52,591.1,0.00,13.9,-0.0054,0.5317,-0.3067,0.0088,0.043,426
18,-217.41,590.2,0.02,13.0,-0.0040,3.2092,-0.3343,0.0128,0.070,437
19,-213.94,590.6,0.02,13.4,-0.0011,136.2682,-0.3649,0.0044,0.011,446
20,-225.72,591.2,0.01,17.8,-0.0016,122.1346,-0.3304,0.0050,0.018,456
21,-227.43,585.8,0.01,18.9,-0.0019,106.7110,-0.3357,0.0051,0.017,480
22,-370.99,600.0,0.00,75.0,-0.0013,119.0703,-0.3405,0.0039,0.009,32
23,-228.80,598.2,0.17,41.5,-0.0002,93.7560,-0.3337,0.0006,0.000,61
24,-259.74,598.9,0.10,48.1,-0.0010,34.8448,-0.3322,0.0052,0.028,91
25,-213.97,599.2,0.08,37.0,-0.0016,0.3133,-0.3278,0.0053,0.013,111
26,-181.75,599.4,0.06,29.1,-0.0009,4.8081,-0.3418,0.0037,0.010,121
27,-197.24,599.5,0.05,33.1,-0.0012,157.9193,-0.3372,0.0027,0.015,131
28,-179.29,599.5,0.04,28.8,-0.0005,11.6175,-0.3305,0.0039,0.011,141
29,-166.77,599.6,0.04,25.6,-0.0012,0.2748,-0.3354,0.0009,0.003,150
30,-162.15,599.6,0.03,24.5,-0.0006,16.2419,-0.3426,0.0030,0.010,160
31,-161.14,595.1,0.03,24.9,-0.0007,41.5859,-0.3512,0.0034,0.018,183
32,-202.70,595.5,0.03,34.9,-0.0005,425.0829,-0.4057,0.0065,0.034,193
33,-189.07,595.3,0.05,31.8,-0.0005,3.0824,-0.3589,0.0030,0.011,203
34,-187.82,595.0,0.07,31.7,-0.0002,36.6011,-0.3507,0.0041,0.016,213
35,-183.71,595.4,0.06,30.7,-0.0023,40.4986,-0.3589,0.0056,0.024,222
36,-176.56,595.7,0.06,28.9,-0.0026,0.1832,-0.3566,0.0107,0.070,232
37,-170.15,595.9,0.06,27.3,-0.0035,0.1969,-0.3622,0.0071,0.031,241
38,-161.08,592.6,0.07,25.4,-0.0014,3.5863,-0.3796,0.0052,0.037,250
39,-172.23,593.0,0.06,28.3,0.0003,217.3551,-0.4088,0.0059,0.027,260
40,-176.50,593.4,0.06,29.4,0.0007,121.2013,-0.3980,0.0090,0.055,270
41,-177.05,590.0,0.06,29.0,-0.0010,31.6343,-0.3934,0.0056,0.027,293
42,-181.82,590.5,0.06,30.4,-0.0001,135.3912,-0.4188,0.0026,0.011,305
43,-178.16,591.0,0.05,29.5,-0.0016,2.1362,-0.3937,0.0061,0.031,314
44,-178.52,591.2,0.06,29.8,-0.0009,52.3732,-0.3743,0.0031,0.013,324
45,-175.46,591.6,0.06,29.1,-0.0005,30.2097,-0.3740,0.0028,0.005,334
46,-171.22,591.9,0.06,28.1,-0.0026,0.1520,-0.3702,0.0075,0.047,344
47,-168.38,592.2,0.06,27.4,-0.0007,6.8814,-0.3924,0.0037,0.013,354
48,-162.82,592.1,0.06,26.3,-0.0007,3.2261,-0.3957,0.0031,0.010,364
49,-160.00,592.4,0.06,25.6,0.0001,20.2906,-0.3998,0.0007,0.000,374
50,-162.56,592.7,0.06,26.3,-0.0016,43.9664,-0.3872,0.0040,0.017,383
51,-162.99,588.4,0.06,26.6,-0.0002,65.1723,-0.4028,0.0034,0.009,408
52,-164.55,588.7,0.06,27.0,-0.0007,59.0013,-0.4001,0.0032,0.009,418
53,-163.00,589.1,0.05,26.7,-0.0014,19.8359,-0.4050,0.0032,0.010,428
54,-160.84,589.4,0.05,26.1,-0.0019,3.5101,-0.3937,0.0062,0.025,439
55,-157.76,589.8,0.05,25.5,-0.0020,6.1556,-0.3956,0.0053,0.019,449
56,-155.44,590.0,0.05,24.9,-0.0021,1.3427,-0.3815,0.0049,0.030,458
57,-152.86,590.3,0.05,24.3,-0.0032,0.1559,-0.3954,0.0085,0.047,468
58,-149.41,590.6,0.05,23.5,-0.0020,0.2098,-0.4071,0.0052,0.024,477
59,-146.98,590.8,0.05,23.0,-0.0013,105.4800,-0.4470,0.0062,0.028,487
60,-269.65,600.0,0.00,61.0,-0.0008,83.7234,-0.4518,0.0078,0.048,17
61,-204.47,549.9,0.00,41.6,-0.0006,39.7728,-0.4254,0.0048,0.015,72
62,-230.69,564.9,0.00,47.7,-0.0013,96.0683,-0.4311,0.0033,0.016,101
63,-180.70,574.9,0.00,34.6,-0.0016,0.2116,-0.4248,0.0087,0.056,137
64,-157.70,579.4,0.00,28.5,-0.0027,0.2214,-0.4191,0.0064,0.044,172
65,-136.94,583.3,0.00,23.1,-0.0026,0.2874,-0.4260,0.0052,0.025,209
66,-125.97,585.4,0.00,20.2,-0.0035,0.1488,-0.4265,0.0072,0.040,237
67,-120.95,587.0,0.00,19.0,-0.0006,5.0678,-0.4406,0.0046,0.013,264
68,-110.54,588.7,0.00,16.6,-0.0021,0.1722,-0.4580,0.0055,0.030,281
69,-106.64,589.7,0.00,15.8,-0.0014,36.2979,-0.4643,0.0054,0.029,309
70,-123.09,590.8,0.00,19.9,-0.0016,53.9906,-0.4707,0.0049,0.023,337
71,-127.05,577.3,0.02,23.3,-0.0007,71.5770,-0.4910,0.0016,0.009,391
72,-149.22,578.8,0.02,28.6,-0.0003,200.4185,-0.4993,0.0022,0.005,418
73,-161.84,575.9,0.04,31.8,-0.0006,116.9326,-0.4623,0.0021,0.007,446
74,-166.17,577.7,0.04,32.7,-0.0013,69.7712,-0.4531,0.0044,0.019,473
75,-162.59,578.9,0.04,31.7,-0.0022,8.6446,-0.4652,0.0076,0.052,501
76,-104.03,600.0,0.00,16.0,-0.0013,9.9663,-0.4661,0.0050,0.022,22
77,-90.58,600.0,0.00,12.2,-0.0009,13.4408,-0.4477,0.0033,0.015,32
78,-109.77,600.0,0.00,17.0,0.0002,13.0472,-0.4465,0.0092,0.058,42
79,-90.17,597.8,0.08,13.1,-0.0007,7.9330,-0.4404,0.0058,0.028,54
80,-85.94,598.3,0.06,11.6,-0.0012,3.5564,-0.4414,0.0068,0.042,85
81,-79.54,572.2,0.10,10.8,0.0002,10.9126,-0.4371,0.0098,0.053,129
82,-99.20,575.7,0.08,15.4,-0.0013,61.7843,-0.4267,0.0058,0.026,139
83,-92.84,579.1,0.07,13.4,-0.0021,0.9172,-0.4168,0.0110,0.074,148
84,-88.96,581.2,0.06,12.1,-0.0036,0.2176,-0.4238,0.0093,0.057,158
85,-84.01,583.3,0.06,10.7,-0.0045,0.1913,-0.4327,0.0121,0.061,168
86,-80.91,584.6,0.05,9.9,-0.0006,1.4375,-0.4209,0.0026,0.009,194
87,-80.39,585.8,0.05,9.7,-0.0018,1.8519,-0.4164,0.0058,0.034,224
88,-76.81,587.0,0.04,8.8,-0.0021,0.1963,-0.4343,0.0066,0.024,254
89,-76.05,587.8,0.04,8.6,-0.0007,77.2492,-0.4709,0.0019,0.004,281
90,-92.05,588.8,0.04,12.9,-0.0011,42.5583,-0.4500,0.0043,0.023,307
91,-87.89,578.9,0.05,14.1,-0.0018,7.3947,-0.4444,0.0093,0.047,360
92,-94.20,580.3,0.05,15.6,-0.0005,48.4396,-0.4494,0.0014,0.004,387
93,-91.59,581.2,0.05,14.8,-0.0026,0.1706,-0.4616,0.0072,0.035,423
94,-91.14,580.2,0.06,14.7,-0.0005,16.7265,-0.4760,0.0032,0.013,453
95,-91.56,581.1,0.06,14.7,0.0001,10.0052,-0.4823,0.0023,0.008,479
96,-95.13,581.8,0.05,15.5,-0.0017,33.7276,-0.4779,0.0056,0.026,510
97,-289.95,600.0,0.00,63.7,-0.0014,66.8821,-0.5250,0.0045,0.017,33
98,-219.77,587.5,0.17,47.5,0.0001,57.3332,-0.4943,0.0033,0.009,62
99,-234.33,592.5,0.10,51.0,-0.0009,122.8195,-0.5237,0.0051,0.013,89
100,-172.15,583.3,0.21,36.5,-0.0005,5.9499,-0.5173,0.0043,0.015,113
101,-152.51,548.3,0.22,50.8,0.0001,27.9641,-0.5320,0.0059,0.026,171
102,-172.41,557.7,0.18,51.6,-0.0011,83.4874,-0.5340,0.0051,0.014,196
103,-162.57,562.8,0.16,46.9,-0.0008,12.9965,-0.5316,0.0038,0.013,220
104,-153.78,566.8,0.14,42.8,-0.0014,6.3766,-0.5144,0.0076,0.029,244
105,-146.33,570.9,0.12,39.2,-0.0000,14.2017,-0.5465,0.0063,0.027,268
106,-139.58,573.4,0.11,36.4,-0.0017,3.5350,-0.5139,0.0036,0.020,293
107,-129.58,576.1,0.10,32.8,0.0009,0.2406,-0.5194,0.0114,0.063,317
108,-122.09,576.0,0.12,30.4,-0.0015,3.1093,-0.5591,0.0076,0.038,339
109,-126.48,578.1,0.11,30.8,-0.0005,68.1198,-0.6086,0.0066,0.032,363
110,-129.98,579.4,0.10,31.1,-0.0004,59.3692,-0.5731,0.0025,0.009,387
111,-123.74,569.3,0.13,30.4,-0.0006,11.5164,-0.5714,0.0033,0.017,442
112,-137.97,571.5,0.12,33.4,-0.0002,135.3032,-0.5627,0.0030,0.011,465
113,-133.53,572.9,0.12,31.8,-0.0019,2.1100,-0.5396,0.0057,0.029,490
114,-143.13,600.0,0.00,24.7,-0.0015,34.1626,-0.5602,0.0075,0.036,31
115,-100.02,600.0,0.00,13.8,-0.0011,2.4176,-0.5058,0.0056,0.028,54
116,-111.57,599.7,0.10,18.6,-0.0007,54.2066,-0.5336,0.0030,0.017,80
117,-94.65,599.8,0.08,14.3,-0.0000,10.6238,-0.5121,0.0057,0.025,105
118,-85.26,582.2,0.18,13.5,-0.0004,49.0366,-0.5498,0.0015,0.007,129
119,-84.34,574.4,0.24,13.8,0.0002,6.1616,-0.5475,0.0053,0.030,154
120,-72.68,559.2,0.28,11.6,0.0001,5.6071,-0.5311,0.0105,0.060,179
121,-68.19,549.0,0.28,14.9,-0.0010,5.0029,-0.5407,0.0068,0.038,239
122,-89.06,555.1,0.27,19.4,-0.0001,63.9420,-0.5596,0.0043,0.020,263
123,-85.15,558.8,0.25,17.9,-0.0026,0.3100,-0.5549,0.0069,0.046,288
124,-92.85,558.9,0.25,19.3,-0.0005,34.3825,-0.5560,0.0038,0.009,314
125,-100.58,561.8,0.23,21.1,-0.0012,48.3686,-0.5568,0.0026,0.012,339
126,-97.99,565.0,0.21,19.9,-0.0008,7.3094,-0.5382,0.0037,0.018,366
127,-93.37,563.4,0.22,18.7,-0.0022,3.3115,-0.5673,0.0077,0.055,394
128,-87.63,561.1,0.24,17.3,-0.0004,6.0874,-0.5825,0.0028,0.010,408
129,-105.41,563.8,0.22,21.2,-0.0011,236.9070,-0.6003,0.0025,0.010,418
130,-108.23,565.6,0.21,21.7,-0.0020,49.8927,-0.6053,0.0054,0.024,441
131,-107.25,563.3,0.20,22.8,-0.0008,6.0243,-0.6080,0.0047,0.014,498
